{"cameraMode":{"drawMode":0,"name":"Shaded","section":"Shading Mode"},"sceneLighting":true,"audioPlay":false,"sceneViewState":{"showFog":true,"showMaterialUpdate":false,"showSkybox":true,"showFlares":true,"showImageEffects":true,"showParticleSystems":true},"in2DMode":false,"pivot":{"x":3.073760986328125,"y":44.8714485168457,"z":97.0833740234375},"rotation":{"x":0.25545597076416018,"y":0.003208657493814826,"z":-0.0007937000482343137,"w":0.9668532609939575},"size":163.05397033691407,"orthographic":false}