{"cameraMode":{"drawMode":0,"name":"Shaded","section":"Shading Mode"},"sceneLighting":true,"audioPlay":false,"sceneViewState":{"showFog":true,"showMaterialUpdate":false,"showSkybox":true,"showFlares":true,"showImageEffects":true,"showParticleSystems":true},"in2DMode":false,"pivot":{"x":8.670000076293946,"y":6.543832302093506,"z":-2.4702048301696779},"rotation":{"x":-0.017732201144099237,"y":-0.9761636853218079,"z":0.08690690249204636,"w":-0.19827593863010407},"size":3.1140952110290529,"orthographic":false}