{"cameraMode":{"drawMode":0,"name":"Shaded","section":"Shading Mode"},"sceneLighting":true,"audioPlay":false,"sceneViewState":{"showFog":true,"showMaterialUpdate":false,"showSkybox":true,"showFlares":true,"showImageEffects":true,"showParticleSystems":true},"in2DMode":false,"pivot":{"x":13.265304565429688,"y":9.6399507522583,"z":-1.546773910522461},"rotation":{"x":0.17482098937034608,"y":0.21979911625385285,"z":-0.040014367550611499,"w":0.9589570164680481},"size":31.823551177978517,"orthographic":false}