{"cameraMode":{"drawMode":0,"name":"Shaded","section":"Shading Mode"},"sceneLighting":true,"audioPlay":false,"sceneViewState":{"showFog":true,"showMaterialUpdate":false,"showSkybox":true,"showFlares":true,"showImageEffects":true,"showParticleSystems":true},"in2DMode":false,"pivot":{"x":509.1357727050781,"y":713.6884765625,"z":45.254974365234378},"rotation":{"x":-0.0797276496887207,"y":0.005080093163996935,"z":-0.0004741014272440225,"w":-0.9968474507331848},"size":22.0,"orthographic":false}